yahoo,3669,布団・寝具
yahoo,27821,枕・ピロー
yahoo,27772,布団セット
yahoo,27845,マットレス
yahoo,3676,敷きパッド
yahoo,27756,敷き布団
yahoo,27760,掛け布団
yahoo,3670,布団カバー
yahoo,27787,毛布
yahoo,3677,タオルケット
yahoo,27360,カーテン
yahoo,27362,レースカーテン
yahoo,27438,ラグ
yahoo,27865,冷感敷きパッド
amazon,2378086051,寝具
amazon,2378233051,枕・抱き枕
amazon,2378232051,布団セット
amazon,2378230051,マットレス
amazon,2378229051,ベットパッド・敷きパッド
amazon,2378225051,敷きふとん
amazon,2378224051,掛けふとん
amazon,2378231051,寝具カバー・シーツ
amazon,2378226051,毛布
amazon,2378228051,タオルケット・ガーゼケット
amazon,2378425051,キッズ・ジュニア用寝具
amazon,268254011,カーテン
amazon,268258011,レースカーテン
amazon,268233011,ラグ・カーペット
amazon,268273011,クッション・クッションカバー
rakuten,215566,寝具
rakuten,564567,枕・抱き枕
rakuten,215613,掛け敷き布団セット
rakuten,508183,マットレス
rakuten,551221,敷きパッド・パッドシーツ
rakuten,205555,敷き布団
rakuten,563689,掛け布団
rakuten,205604,布団カバー
rakuten,205611,毛布
rakuten,205613,タオルケット
rakuten,300576,ドレープカーテン
rakuten,300667,レースカーテン
rakuten,551228,ラグ
rakuten,551221,敷きパッド・パッドシーツ